ID,Email,Name
45,dimitry@gmail.ru,Dmitry
46,ahmed@yahoo.ae,Ahmed
47,leila@gmail.com,Leila
48,henry@gmail.com,Henry
49,mahmoud@yahoo.com,Mahmoud
50,juan@aol.com,Juan
51,test@yahoo.com,Test
